"0",""
"0","install.packages(""glmnet"") # Installation is only needed if the package is missing"
"1","Error in "
"1",""
"1","install.packages"
"1",""
"1"," : "
"1",""
"1","Updating loaded packages"
"1",""
"1","
"
"0","install.packages(""leaps"")"
"1","Error in "
"1",""
"1","install.packages"
"1",""
"1"," : "
"1",""
"1","Updating loaded packages"
"1",""
"1","
"
"0","install.packages(""fields"")"
"1","Error in "
"1",""
"1","install.packages"
"1",""
"1"," : "
"1",""
"1","Updating loaded packages"
"1",""
"1","
"
"0","install.packages(""pls"")"
"1","Error in "
"1",""
"1","install.packages"
"1",""
"1"," : "
"1",""
"1","Updating loaded packages"
"1",""
"1","
"
"0","require(leaps)             # For variable selection"
"0","require(glmnet)            # For penalized regression procedures"
"0","require(fields)            # For image.plot"
"0","require(pls)               # For cvsegments, plsr, ..."
"0",""
"0",""
